1  	  {"members": [{"leg_id": "WAL000029", "role": "chair", "name": "Steve Litzow"}, {"leg_id": "WAL000069", "role": "vice chair", "name": "Bruce Dammeier"}, {"leg_id": "WAL000030", "role": "ranking minority member", "name": "Rosemary McAuliffe"}, {"leg_id": "WAL000126", "role": "assistant ranking minority member", "name": "Christine Rolfes"}, {"leg_id": "WAL000058", "role": "member", "name": "Andy Billig"}, {"leg_id": "WAL000192", "role": "member", "name": "Sharon Brown"}, {"leg_id": "WAL000166", "role": "member", "name": "Annette Cleveland"}, {"leg_id": "WAL000012", "role": "member", "name": "Joe Fain"}, {"leg_id": "WAL000019", "role": "member", "name": "Andy Hill"}, {"leg_id": "WAL000158", "role": "member", "name": "Mark Mullet"}, {"leg_id": "WAL000123", "role": "member", "name": "Ann Rivers"}], "level": "state", "country": "us", "created_at": "2011-02-25 17:49:02", "all_ids": ["WAC000002"], "updated_at": "2014-10-02 05:13:10", "+office_phone": "(360) 786-7420", "state": "wa", "sources": [{"url": "http://wslwebservices.leg.wa.gov/CommitteeService.asmx/GetActiveCommittees?biennium=2013-14"}], "parent_id": null, "committee": "Early Learning & K-12 Education", "chamber": "upper", "id": "WAC000002", "subcommittee": null}  	 Early Learning & K-12 Education 	 WAC000002 
2  	  {"members": [{"leg_id": "WAL000184", "role": "chair", "name": "Steve O'Ban"}, {"leg_id": "WAL000118", "role": "vice chair", "name": "Kirk Pearson"}, {"leg_id": "WAL000070", "role": "ranking minority member", "name": "Jeannie Darneille"}, {"leg_id": "WAL000014", "role": "assistant ranking minority member", "name": "James Hargrove"}, {"leg_id": "WAL000152", "role": "member", "name": "Mike Padden"}], "level": "state", "country": "us", "created_at": "2011-02-25 17:49:02", "all_ids": ["WAC000009"], "updated_at": "2014-10-02 05:13:10", "+office_phone": "(360) 786-7414", "state": "wa", "sources": [{"url": "http://wslwebservices.leg.wa.gov/CommitteeService.asmx/GetActiveCommittees?biennium=2013-14"}], "parent_id": null, "committee": "Human Services & Corrections", "chamber": "upper", "id": "WAC000009", "subcommittee": null}  	 Human Services & Corrections 	 WAC000009 
3  	  {"members": [{"leg_id": "WAL000010", "role": "chair", "name": "Tracey Eide"}, {"leg_id": "WAL000026", "role": "vice chair", "name": "Curtis King"}, {"leg_id": "WAL000020", "role": "ranking minority member", "name": "Steve Hobbs"}, {"leg_id": "WAL000012", "role": "assistant ranking minority member", "name": "Joe Fain"}, {"leg_id": "WAL000053", "role": "member", "name": "Jan Angel"}, {"leg_id": "WAL000192", "role": "member", "name": "Sharon Brown"}, {"leg_id": "WAL000166", "role": "member", "name": "Annette Cleveland"}, {"leg_id": "WAL000198", "role": "member", "name": "Brian Dansel"}, {"leg_id": "WAL000011", "role": "member", "name": "Doug Ericksen"}, {"leg_id": "WAL000103", "role": "member", "name": "Marko Liias"}, {"leg_id": "WAL000029", "role": "member", "name": "Steve Litzow"}, {"leg_id": "WAL000158", "role": "member", "name": "Mark Mullet"}, {"leg_id": "WAL000184", "role": "member", "name": "Steve O'Ban"}, {"leg_id": "WAL000126", "role": "member", "name": "Christine Rolfes"}, {"leg_id": "WAL000043", "role": "member", "name": "Tim Sheldon"}], "level": "state", "country": "us", "created_at": "2011-02-25 17:49:02", "all_ids": ["WAC000014"], "updated_at": "2014-10-02 05:13:11", "+office_phone": "(360) 786-7300", "state": "wa", "sources": [{"url": "http://wslwebservices.leg.wa.gov/CommitteeService.asmx/GetActiveCommittees?biennium=2013-14"}], "parent_id": null, "committee": "Transportation", "chamber": "upper", "id": "WAC000014", "subcommittee": null}  	 Transportation 	 WAC000014 
4  	  {"members": [{"leg_id": "WAL000019", "role": "chair", "name": "Andy Hill"}, {"leg_id": "WAL000001", "role": "vice chair", "name": "Michael Baumgartner"}, {"leg_id": "WAL000022", "role": "ranking minority member", "name": "Jim Honeyford"}, {"leg_id": "WAL000014", "role": "assistant ranking minority member", "name": "James Hargrove"}, {"leg_id": "WAL000024", "role": "member", "name": "Karen Keiser"}, {"leg_id": "WAL000038", "role": "member", "name": "Kevin Ranker"}, {"leg_id": "WAL000057", "role": "member", "name": "Barbara Bailey"}, {"leg_id": "WAL000003", "role": "member", "name": "Randi Becker"}, {"leg_id": "WAL000058", "role": "member", "name": "Andy Billig"}, {"leg_id": "WAL000165", "role": "member", "name": "John Braun"}, {"leg_id": "WAL000008", "role": "member", "name": "Steve Conway"}, {"leg_id": "WAL000069", "role": "member", "name": "Bruce Dammeier"}, {"leg_id": "WAL000013", "role": "member", "name": "Karen Fraser"}, {"leg_id": "WAL000078", "role": "member", "name": "David Frockt"}, {"leg_id": "WAL000085", "role": "member", "name": "Bob Hasegawa"}, {"leg_id": "WAL000016", "role": "member", "name": "Brian Hatfield"}, {"leg_id": "WAL000018", "role": "member", "name": "Mike Hewitt"}, {"leg_id": "WAL000028", "role": "member", "name": "Jeanne Kohl-Welles"}, {"leg_id": "WAL000152", "role": "member", "name": "Mike Padden"}, {"leg_id": "WAL000034", "role": "member", "name": "Linda Evans Parlette"}, {"leg_id": "WAL000123", "role": "member", "name": "Ann Rivers"}, {"leg_id": "WAL000042", "role": "member", "name": "Mark Schoesler"}, {"leg_id": "WAL000047", "role": "member", "name": "Rodney Tom"}], "level": "state", "country": "us", "created_at": "2011-02-25 17:49:02", "all_ids": ["WAC000015"], "updated_at": "2014-10-02 05:13:10", "+office_phone": "(360) 786-7715", "state": "wa", "sources": [{"url": "http://wslwebservices.leg.wa.gov/CommitteeService.asmx/GetActiveCommittees?biennium=2013-14"}], "parent_id": null, "committee": "Ways & Means", "chamber": "upper", "id": "WAC000015", "subcommittee": null}  	 Ways & Means 	 WAC000015 
5  	  {"members": [{"leg_id": "WAL000059", "role": "chair", "name": "Brian Blake"}, {"leg_id": "WAL000104", "role": "vice chair", "name": "Kristine Lytton"}, {"leg_id": "WAL000060", "role": "ranking minority member", "name": "Vincent Buys"}, {"leg_id": "WAL000181", "role": "assistant ranking minority member", "name": "Drew MacEwen"}, {"leg_id": "WAL000062", "role": "member", "name": "Bruce Chandler"}, {"leg_id": "WAL000073", "role": "member", "name": "Hans Dunshee"}, {"leg_id": "WAL000081", "role": "member", "name": "Kathy Haigh"}, {"leg_id": "WAL000091", "role": "member", "name": "Christopher Hurst"}, {"leg_id": "WAL000100", "role": "member", "name": "Joel Kretz"}, {"leg_id": "WAL000113", "role": "member", "name": "Ed Orcutt"}, {"leg_id": "WAL000120", "role": "member", "name": "Eric Pettigrew"}, {"leg_id": "WAL000130", "role": "member", "name": "Joe Schmick"}, {"leg_id": "WAL000137", "role": "member", "name": "Derek Stanford"}, {"leg_id": "WAL000143", "role": "member", "name": "Kevin Van De Wege"}, {"leg_id": "WAL000145", "role": "member", "name": "Judy Warnick"}], "level": "state", "country": "us", "created_at": "2011-02-25 17:49:02", "all_ids": ["WAC000016"], "updated_at": "2014-10-02 05:13:10", "+office_phone": "(360) 786-7144", "state": "wa", "sources": [{"url": "http://wslwebservices.leg.wa.gov/CommitteeService.asmx/GetActiveCommittees?biennium=2013-14"}], "parent_id": null, "committee": "Agriculture & Natural Resources", "chamber": "lower", "id": "WAC000016", "subcommittee": null}  	 Agriculture & Natural Resources 	 WAC000016 
6  	  {"members": [{"leg_id": "WAL000098", "role": "chair", "name": "Steve Kirby"}, {"leg_id": "WAL000128", "role": "vice chair", "name": "Cindy Ryu"}, {"leg_id": "WAL000117", "role": "ranking minority member", "name": "Kevin Parker"}, {"leg_id": "WAL000162", "role": "assistant ranking minority member", "name": "Brandon Vick"}, {"leg_id": "WAL000059", "role": "member", "name": "Brian Blake"}, {"leg_id": "WAL000075", "role": "member", "name": "Susan Fagan"}, {"leg_id": "WAL000176", "role": "member", "name": "Cyrus Habib"}, {"leg_id": "WAL000177", "role": "member", "name": "Brad Hawkins"}, {"leg_id": "WAL000088", "role": "member", "name": "Zack Hudgins"}, {"leg_id": "WAL000206", "role": "member", "name": "Graham Hunt"}, {"leg_id": "WAL000091", "role": "member", "name": "Christopher Hurst"}, {"leg_id": "WAL000180", "role": "member", "name": "Linda Kochmar"}, {"leg_id": "WAL000181", "role": "member", "name": "Drew MacEwen"}, {"leg_id": "WAL000129", "role": "member", "name": "Sharon Tomiko Santos"}, {"leg_id": "WAL000137", "role": "member", "name": "Derek Stanford"}], "level": "state", "country": "us", "created_at": "2011-02-25 17:49:02", "all_ids": ["WAC000017"], "updated_at": "2014-10-02 05:13:11", "+office_phone": "(360) 786-7128", "state": "wa", "sources": [{"url": "http://wslwebservices.leg.wa.gov/CommitteeService.asmx/GetActiveCommittees?biennium=2013-14"}], "parent_id": null, "committee": "Business & Financial Services", "chamber": "lower", "id": "WAC000017", "subcommittee": null}  	 Business & Financial Services 	 WAC000017 
7  	  {"members": [{"leg_id": "WAL000073", "role": "chair", "name": "Hans Dunshee"}, {"leg_id": "WAL000137", "role": "vice chair", "name": "Derek Stanford"}, {"leg_id": "WAL000071", "role": "ranking minority member", "name": "Richard DeBolt"}, {"leg_id": "WAL000181", "role": "assistant ranking minority member", "name": "Drew MacEwen"}, {"leg_id": "WAL000054", "role": "member", "name": "Sherry Appleton"}, {"leg_id": "WAL000205", "role": "member", "name": "Leonard Christian"}, {"leg_id": "WAL000186", "role": "member", "name": "Marcus Riccelli"}, {"leg_id": "WAL000199", "role": "member", "name": "June Robinson"}, {"leg_id": "WAL000188", "role": "member", "name": "Elizabeth Scott"}, {"leg_id": "WAL000196", "role": "member", "name": "Tana Senn"}, {"leg_id": "WAL000135", "role": "member", "name": "Norma Smith"}, {"leg_id": "WAL000189", "role": "member", "name": "Monica Stonier"}, {"leg_id": "WAL000145", "role": "member", "name": "Judy Warnick"}], "level": "state", "country": "us", "created_at": "2011-02-25 17:49:02", "all_ids": ["WAC000018"], "updated_at": "2014-10-02 05:13:11", "+office_phone": "(360) 786-7132", "state": "wa", "sources": [{"url": "http://wslwebservices.leg.wa.gov/CommitteeService.asmx/GetActiveCommittees?biennium=2013-14"}], "parent_id": null, "committee": "Capital Budget", "chamber": "lower", "id": "WAC000018", "subcommittee": null}  	 Capital Budget 	 WAC000018 
8  	  {"members": [{"leg_id": "WAL000095", "role": "chair", "name": "Ruth Kagi"}, {"leg_id": "WAL000175", "role": "vice chair", "name": "Roger Freeman"}, {"leg_id": "WAL000144", "role": "ranking minority member", "name": "Maureen Walsh"}, {"leg_id": "WAL000188", "role": "assistant ranking minority member", "name": "Elizabeth Scott"}, {"leg_id": "WAL000075", "role": "member", "name": "Susan Fagan"}, {"leg_id": "WAL000079", "role": "member", "name": "Roger Goodman"}, {"leg_id": "WAL000181", "role": "member", "name": "Drew MacEwen"}, {"leg_id": "WAL000208", "role": "member", "name": "Lillian Ortiz-Self"}, {"leg_id": "WAL000124", "role": "member", "name": "Mary Helen Roberts"}, {"leg_id": "WAL000187", "role": "member", "name": "David Sawyer"}, {"leg_id": "WAL000196", "role": "member", "name": "Tana Senn"}, {"leg_id": "WAL000207", "role": "member", "name": "Jesse Young"}, {"leg_id": "WAL000147", "role": "member", "name": "Hans Zeiger"}], "level": "state", "country": "us", "created_at": "2011-02-25 17:49:02", "all_ids": ["WAC000020"], "updated_at": "2014-10-02 05:13:10", "+office_phone": "(360) 786-7160", "state": "wa", "sources": [{"url": "http://wslwebservices.leg.wa.gov/CommitteeService.asmx/GetActiveCommittees?biennium=2013-14"}], "parent_id": null, "committee": "Early Learning & Human Services", "chamber": "lower", "id": "WAC000020", "subcommittee": null}  	 Early Learning & Human Services 	 WAC000020 
9  	  {"members": [{"leg_id": "WAL000129", "role": "chair", "name": "Sharon Tomiko Santos"}, {"leg_id": "WAL000189", "role": "vice chair", "name": "Monica Stonier"}, {"leg_id": "WAL000182", "role": "ranking minority member", "name": "Chad Magendanz"}, {"leg_id": "WAL000195", "role": "assistant ranking minority member", "name": "Dick Muri"}, {"leg_id": "WAL000172", "role": "member", "name": "Steve Bergquist"}, {"leg_id": "WAL000174", "role": "member", "name": "Jake Fey"}, {"leg_id": "WAL000081", "role": "member", "name": "Kathy Haigh"}, {"leg_id": "WAL000083", "role": "member", "name": "Mark Hargrove"}, {"leg_id": "WAL000177", "role": "member", "name": "Brad Hawkins"}, {"leg_id": "WAL000178", "role": "member", "name": "Dave Hayes"}, {"leg_id": "WAL000089", "role": "member", "name": "Sam Hunt"}, {"leg_id": "WAL000094", "role": "member", "name": "Norm Johnson"}, {"leg_id": "WAL000099", "role": "member", "name": "Brad Klippert"}, {"leg_id": "WAL000104", "role": "member", "name": "Kristine Lytton"}, {"leg_id": "WAL000115", "role": "member", "name": "Tina Orwall"}, {"leg_id": "WAL000117", "role": "member", "name": "Kevin Parker"}, {"leg_id": "WAL000154", "role": "member", "name": "Gerry Pollet"}, {"leg_id": "WAL000131", "role": "member", "name": "Larry Seaquist"}, {"leg_id": "WAL000145", "role": "member", "name": "Judy Warnick"}], "level": "state", "country": "us", "created_at": "2011-02-25 17:49:02", "all_ids": ["WAC000021"], "updated_at": "2014-10-02 05:13:12", "+office_phone": "(360) 786-7292", "state": "wa", "sources": [{"url": "http://wslwebservices.leg.wa.gov/CommitteeService.asmx/GetActiveCommittees?biennium=2013-14"}], "parent_id": null, "committee": "Education", "chamber": "lower", "id": "WAC000021", "subcommittee": null}  	 Education 	 WAC000021 
10  	  {"members": [{"leg_id": "WAL000077", "role": "chair", "name": "Joe Fitzgibbon"}, {"leg_id": "WAL000196", "role": "vice chair", "name": "Tana Senn"}, {"leg_id": "WAL000134", "role": "ranking minority member", "name": "Shelly Short"}, {"leg_id": "WAL000157", "role": "assistant ranking minority member", "name": "Liz Pike"}, {"leg_id": "WAL000173", "role": "member", "name": "Jessyn Farrell"}, {"leg_id": "WAL000174", "role": "member", "name": "Jake Fey"}, {"leg_id": "WAL000084", "role": "member", "name": "Paul Harris"}, {"leg_id": "WAL000095", "role": "member", "name": "Ruth Kagi"}, {"leg_id": "WAL000110", "role": "member", "name": "Jeff Morris"}, {"leg_id": "WAL000112", "role": "member", "name": "Terry Nealey"}, {"leg_id": "WAL000208", "role": "member", "name": "Lillian Ortiz-Self"}, {"leg_id": "WAL000116", "role": "member", "name": "Jason Overstreet"}, {"leg_id": "WAL000141", "role": "member", "name": "Steve Tharinger"}], "level": "state", "country": "us", "created_at": "2011-02-25 17:49:02", "all_ids": ["WAC000023"], "updated_at": "2014-10-02 05:13:11", "+office_phone": "(360) 786-7297", "state": "wa", "sources": [{"url": "http://wslwebservices.leg.wa.gov/CommitteeService.asmx/GetActiveCommittees?biennium=2013-14"}], "parent_id": null, "committee": "Environment", "chamber": "lower", "id": "WAC000023", "subcommittee": null}  	 Environment 	 WAC000023 
11  	  {"members": [{"leg_id": "WAL000065", "role": "chair", "name": "Eileen Cody"}, {"leg_id": "WAL000186", "role": "vice chair", "name": "Marcus Riccelli"}, {"leg_id": "WAL000130", "role": "ranking minority member", "name": "Joe Schmick"}, {"leg_id": "WAL000084", "role": "assistant ranking minority member", "name": "Paul Harris"}, {"leg_id": "WAL000064", "role": "member", "name": "Judy Clibborn"}, {"leg_id": "WAL000071", "role": "member", "name": "Richard DeBolt"}, {"leg_id": "WAL000080", "role": "member", "name": "Tami Green"}, {"leg_id": "WAL000206", "role": "member", "name": "Graham Hunt"}, {"leg_id": "WAL000093", "role": "member", "name": "Laurie Jinkins"}, {"leg_id": "WAL000160", "role": "member", "name": "Matt Manweller"}, {"leg_id": "WAL000109", "role": "member", "name": "Jim Moeller"}, {"leg_id": "WAL000183", "role": "member", "name": "Dawn Morrell"}, {"leg_id": "WAL000125", "role": "member", "name": "Jay Rodne"}, {"leg_id": "WAL000127", "role": "member", "name": "Charles Ross"}, {"leg_id": "WAL000134", "role": "member", "name": "Shelly Short"}, {"leg_id": "WAL000141", "role": "member", "name": "Steve Tharinger"}, {"leg_id": "WAL000143", "role": "member", "name": "Kevin Van De Wege"}], "level": "state", "country": "us", "created_at": "2011-02-25 17:49:02", "all_ids": ["WAC000026"], "updated_at": "2014-10-02 05:13:10", "+office_phone": "(360) 786-7104", "state": "wa", "sources": [{"url": "http://wslwebservices.leg.wa.gov/CommitteeService.asmx/GetActiveCommittees?biennium=2013-14"}], "parent_id": null, "committee": "Health Care & Wellness", "chamber": "lower", "id": "WAC000026", "subcommittee": null}  	 Health Care & Wellness 	 WAC000026 
12  	  {"members": [{"leg_id": "WAL000131", "role": "chair", "name": "Larry Seaquist"}, {"leg_id": "WAL000154", "role": "vice chair", "name": "Gerry Pollet"}, {"leg_id": "WAL000082", "role": "ranking minority member", "name": "Larry Haler"}, {"leg_id": "WAL000147", "role": "assistant ranking minority member", "name": "Hans Zeiger"}, {"leg_id": "WAL000200", "role": "member", "name": "Mia Gregerson"}, {"leg_id": "WAL000150", "role": "member", "name": "Drew Hansen"}, {"leg_id": "WAL000083", "role": "member", "name": "Mark Hargrove"}, {"leg_id": "WAL000094", "role": "member", "name": "Norm Johnson"}, {"leg_id": "WAL000182", "role": "member", "name": "Chad Magendanz"}, {"leg_id": "WAL000195", "role": "member", "name": "Dick Muri"}, {"leg_id": "WAL000122", "role": "member", "name": "Chris Reykdal"}, {"leg_id": "WAL000187", "role": "member", "name": "David Sawyer"}, {"leg_id": "WAL000188", "role": "member", "name": "Elizabeth Scott"}, {"leg_id": "WAL000132", "role": "member", "name": "Mike Sells"}, {"leg_id": "WAL000135", "role": "member", "name": "Norma Smith"}, {"leg_id": "WAL000190", "role": "member", "name": "Gael Tarleton"}, {"leg_id": "WAL000203", "role": "member", "name": "Brady Walkinshaw"}, {"leg_id": "WAL000144", "role": "member", "name": "Maureen Walsh"}, {"leg_id": "WAL000148", "role": "member", "name": "Sharon Wylie"}], "level": "state", "country": "us", "created_at": "2011-02-25 17:49:02", "all_ids": ["WAC000027"], "updated_at": "2014-10-02 05:13:12", "+office_phone": "(360) 786-7132", "state": "wa", "sources": [{"url": "http://wslwebservices.leg.wa.gov/CommitteeService.asmx/GetActiveCommittees?biennium=2013-14"}], "parent_id": null, "committee": "Higher Education", "chamber": "lower", "id": "WAC000027", "subcommittee": null}  	 Higher Education 	 WAC000027 
13  	  {"members": [{"leg_id": "WAL000093", "role": "chair", "name": "Laurie Jinkins"}, {"leg_id": "WAL000150", "role": "vice chair", "name": "Drew Hansen"}, {"leg_id": "WAL000125", "role": "ranking minority member", "name": "Jay Rodne"}, {"leg_id": "WAL000112", "role": "assistant ranking minority member", "name": "Terry Nealey"}, {"leg_id": "WAL000079", "role": "member", "name": "Roger Goodman"}, {"leg_id": "WAL000082", "role": "member", "name": "Larry Haler"}, {"leg_id": "WAL000098", "role": "member", "name": "Steve Kirby"}, {"leg_id": "WAL000099", "role": "member", "name": "Brad Klippert"}, {"leg_id": "WAL000195", "role": "member", "name": "Dick Muri"}, {"leg_id": "WAL000115", "role": "member", "name": "Tina Orwall"}, {"leg_id": "WAL000124", "role": "member", "name": "Mary Helen Roberts"}, {"leg_id": "WAL000133", "role": "member", "name": "Matt Shea"}, {"leg_id": "WAL000203", "role": "member", "name": "Brady Walkinshaw"}], "level": "state", "country": "us", "created_at": "2011-02-25 17:49:02", "all_ids": ["WAC000028"], "updated_at": "2014-10-02 05:13:10", "+office_phone": "(360) 786-7122", "state": "wa", "sources": [{"url": "http://wslwebservices.leg.wa.gov/CommitteeService.asmx/GetActiveCommittees?biennium=2013-14"}], "parent_id": null, "committee": "Judiciary", "chamber": "lower", "id": "WAC000028", "subcommittee": null}  	 Judiciary 	 WAC000028 
14  	  {"members": [{"leg_id": "WAL000132", "role": "chair", "name": "Mike Sells"}, {"leg_id": "WAL000122", "role": "vice chair", "name": "Chris Reykdal"}, {"leg_id": "WAL000160", "role": "ranking minority member", "name": "Matt Manweller"}, {"leg_id": "WAL000066", "role": "assistant ranking minority member", "name": "Cary Condotta"}, {"leg_id": "WAL000205", "role": "member", "name": "Leonard Christian"}, {"leg_id": "WAL000080", "role": "member", "name": "Tami Green"}, {"leg_id": "WAL000206", "role": "member", "name": "Graham Hunt"}, {"leg_id": "WAL000109", "role": "member", "name": "Jim Moeller"}, {"leg_id": "WAL000114", "role": "member", "name": "Timm Ormsby"}], "level": "state", "country": "us", "created_at": "2011-02-25 17:49:02", "all_ids": ["WAC000029"], "updated_at": "2014-10-02 05:13:11", "+office_phone": "(360) 786-7125", "state": "wa", "sources": [{"url": "http://wslwebservices.leg.wa.gov/CommitteeService.asmx/GetActiveCommittees?biennium=2013-14"}], "parent_id": null, "committee": "Labor & Workforce Development", "chamber": "lower", "id": "WAC000029", "subcommittee": null}  	 Labor & Workforce Development 	 WAC000029 
15  	  {"members": [{"leg_id": "WAL000139", "role": "chair", "name": "Dean Takko"}, {"leg_id": "WAL000200", "role": "vice chair", "name": "Mia Gregerson"}, {"leg_id": "WAL000116", "role": "ranking minority member", "name": "Jason Overstreet"}, {"leg_id": "WAL000180", "role": "assistant ranking minority member", "name": "Linda Kochmar"}, {"leg_id": "WAL000173", "role": "member", "name": "Jessyn Farrell"}, {"leg_id": "WAL000077", "role": "member", "name": "Joe Fitzgibbon"}, {"leg_id": "WAL000157", "role": "member", "name": "Liz Pike"}, {"leg_id": "WAL000136", "role": "member", "name": "Larry Springer"}, {"leg_id": "WAL000140", "role": "member", "name": "David Taylor"}], "level": "state", "country": "us", "created_at": "2011-02-25 17:49:02", "all_ids": ["WAC000030"], "updated_at": "2014-10-02 05:13:11", "+office_phone": "(360) 786-7258", "state": "wa", "sources": [{"url": "http://wslwebservices.leg.wa.gov/CommitteeService.asmx/GetActiveCommittees?biennium=2013-14"}], "parent_id": null, "committee": "Local Government", "chamber": "lower", "id": "WAC000030", "subcommittee": null}  	 Local Government 	 WAC000030 
16  	  {"members": [{"leg_id": "WAL000063", "role": "chair", "name": "Frank Chopp"}, {"leg_id": "WAL000068", "role": "vice chair", "name": "Cathy Dahlquist"}, {"leg_id": "WAL000075", "role": "ranking minority member", "name": "Susan Fagan"}, {"leg_id": "WAL000080", "role": "assistant ranking minority member", "name": "Tami Green"}, {"leg_id": "WAL000176", "role": "member", "name": "Cyrus Habib"}, {"leg_id": "WAL000179", "role": "member", "name": "Jeff Holy"}, {"leg_id": "WAL000094", "role": "member", "name": "Norm Johnson"}, {"leg_id": "WAL000180", "role": "member", "name": "Linda Kochmar"}, {"leg_id": "WAL000100", "role": "member", "name": "Joel Kretz"}, {"leg_id": "WAL000101", "role": "member", "name": "Dan Kristiansen"}, {"leg_id": "WAL000104", "role": "member", "name": "Kristine Lytton"}, {"leg_id": "WAL000182", "role": "member", "name": "Chad Magendanz"}, {"leg_id": "WAL000109", "role": "member", "name": "Jim Moeller"}, {"leg_id": "WAL000112", "role": "member", "name": "Terry Nealey"}, {"leg_id": "WAL000115", "role": "member", "name": "Tina Orwall"}, {"leg_id": "WAL000120", "role": "member", "name": "Eric Pettigrew"}, {"leg_id": "WAL000122", "role": "member", "name": "Chris Reykdal"}, {"leg_id": "WAL000124", "role": "member", "name": "Mary Helen Roberts"}, {"leg_id": "WAL000128", "role": "member", "name": "Cindy Ryu"}, {"leg_id": "WAL000187", "role": "member", "name": "David Sawyer"}, {"leg_id": "WAL000136", "role": "member", "name": "Larry Springer"}, {"leg_id": "WAL000138", "role": "member", "name": "Pat Sullivan"}, {"leg_id": "WAL000190", "role": "member", "name": "Gael Tarleton"}, {"leg_id": "WAL000143", "role": "member", "name": "Kevin Van De Wege"}, {"leg_id": "WAL000146", "role": "member", "name": "J.T. Wilcox"}], "level": "state", "country": "us", "created_at": "2011-02-25 17:49:02", "all_ids": ["WAC000032"], "updated_at": "2014-10-02 05:13:10", "+office_phone": "", "state": "wa", "sources": [{"url": "http://wslwebservices.leg.wa.gov/CommitteeService.asmx/GetActiveCommittees?biennium=2013-14"}], "parent_id": null, "committee": "Rules", "chamber": "lower", "id": "WAC000032", "subcommittee": null}  	 Rules 	 WAC000032 
17  	  {"members": [{"leg_id": "WAL000064", "role": "chair", "name": "Judy Clibborn"}, {"leg_id": "WAL000173", "role": "vice chair", "name": "Jessyn Farrell"}, {"leg_id": "WAL000174", "role": "ranking minority member", "name": "Jake Fey"}, {"leg_id": "WAL000111", "role": "assistant ranking minority member", "name": "Luis Moscoso"}, {"leg_id": "WAL000113", "role": "member", "name": "Ed Orcutt"}, {"leg_id": "WAL000083", "role": "member", "name": "Mark Hargrove"}, {"leg_id": "WAL000116", "role": "member", "name": "Jason Overstreet"}, {"leg_id": "WAL000172", "role": "member", "name": "Steve Bergquist"}, {"leg_id": "WAL000077", "role": "member", "name": "Joe Fitzgibbon"}, {"leg_id": "WAL000175", "role": "member", "name": "Roger Freeman"}, {"leg_id": "WAL000176", "role": "member", "name": "Cyrus Habib"}, {"leg_id": "WAL000177", "role": "member", "name": "Brad Hawkins"}, {"leg_id": "WAL000178", "role": "member", "name": "Dave Hayes"}, {"leg_id": "WAL000094", "role": "member", "name": "Norm Johnson"}, {"leg_id": "WAL000099", "role": "member", "name": "Brad Klippert"}, {"leg_id": "WAL000180", "role": "member", "name": "Linda Kochmar"}, {"leg_id": "WAL000109", "role": "member", "name": "Jim Moeller"}, {"leg_id": "WAL000110", "role": "member", "name": "Jeff Morris"}, {"leg_id": "WAL000195", "role": "member", "name": "Dick Muri"}, {"leg_id": "WAL000208", "role": "member", "name": "Lillian Ortiz-Self"}, {"leg_id": "WAL000157", "role": "member", "name": "Liz Pike"}, {"leg_id": "WAL000186", "role": "member", "name": "Marcus Riccelli"}, {"leg_id": "WAL000125", "role": "member", "name": "Jay Rodne"}, {"leg_id": "WAL000128", "role": "member", "name": "Cindy Ryu"}, {"leg_id": "WAL000132", "role": "member", "name": "Mike Sells"}, {"leg_id": "WAL000133", "role": "member", "name": "Matt Shea"}, {"leg_id": "WAL000139", "role": "member", "name": "Dean Takko"}, {"leg_id": "WAL000190", "role": "member", "name": "Gael Tarleton"}, {"leg_id": "WAL000203", "role": "member", "name": "Brady Walkinshaw"}, {"leg_id": "WAL000207", "role": "member", "name": "Jesse Young"}, {"leg_id": "WAL000147", "role": "member", "name": "Hans Zeiger"}], "level": "state", "country": "us", "created_at": "2011-02-25 17:49:02", "all_ids": ["WAC000035"], "updated_at": "2014-10-02 05:13:10", "+office_phone": "(360) 786-7397", "state": "wa", "sources": [{"url": "http://wslwebservices.leg.wa.gov/CommitteeService.asmx/GetActiveCommittees?biennium=2013-14"}], "parent_id": null, "committee": "Transportation", "chamber": "lower", "id": "WAC000035", "subcommittee": null}  	 Transportation 	 WAC000035 
18  	  {"members": [{"leg_id": "WAL000016", "role": "chair", "name": "Brian Hatfield"}, {"leg_id": "WAL000022", "role": "vice chair", "name": "Jim Honeyford"}, {"leg_id": "WAL000192", "role": "ranking minority member", "name": "Sharon Brown"}, {"leg_id": "WAL000010", "role": "assistant ranking minority member", "name": "Tracey Eide"}, {"leg_id": "WAL000020", "role": "member", "name": "Steve Hobbs"}, {"leg_id": "WAL000042", "role": "member", "name": "Mark Schoesler"}], "country": "us", "created_at": "2011-12-01 04:44:48", "level": "state", "all_ids": ["WAC000037"], "updated_at": "2014-10-02 05:13:12", "+office_phone": "(360) 786-7411", "state": "wa", "sources": [{"url": "http://wslwebservices.leg.wa.gov/CommitteeService.asmx/GetActiveCommittees?biennium=2013-14"}], "parent_id": null, "committee": "Agriculture, Water & Rural Economic Development", "chamber": "upper", "id": "WAC000037", "subcommittee": null}  	 Agriculture, Water & Rural Economic Development 	 WAC000037 
19  	  {"members": [{"leg_id": "WAL000021", "role": "chair", "name": "Janéa Holmquist Newbry"}, {"leg_id": "WAL000165", "role": "vice chair", "name": "John Braun"}, {"leg_id": "WAL000008", "role": "ranking minority member", "name": "Steve Conway"}, {"leg_id": "WAL000085", "role": "assistant ranking minority member", "name": "Bob Hasegawa"}, {"leg_id": "WAL000018", "role": "member", "name": "Mike Hewitt"}, {"leg_id": "WAL000026", "role": "member", "name": "Curtis King"}, {"leg_id": "WAL000028", "role": "member", "name": "Jeanne Kohl-Welles"}], "created_at": "2013-01-16 22:23:37", "all_ids": ["WAC000041"], "updated_at": "2014-10-02 05:13:11", "+office_phone": "(360) 786-7426", "state": "wa", "sources": [{"url": "http://wslwebservices.leg.wa.gov/CommitteeService.asmx/GetActiveCommittees?biennium=2013-14"}], "parent_id": null, "committee": "Commerce & Labor", "chamber": "upper", "id": "WAC000041", "subcommittee": null}  	 Commerce & Labor 	 WAC000041 
20  	  {"members": [{"leg_id": "WAL000011", "role": "chair", "name": "Doug Ericksen"}, {"leg_id": "WAL000043", "role": "vice chair", "name": "Tim Sheldon"}, {"leg_id": "WAL000106", "role": "ranking minority member", "name": "John McCoy"}, {"leg_id": "WAL000058", "role": "assistant ranking minority member", "name": "Andy Billig"}, {"leg_id": "WAL000192", "role": "member", "name": "Sharon Brown"}, {"leg_id": "WAL000007", "role": "member", "name": "Maralyn Chase"}, {"leg_id": "WAL000022", "role": "member", "name": "Jim Honeyford"}, {"leg_id": "WAL000029", "role": "member", "name": "Steve Litzow"}, {"leg_id": "WAL000038", "role": "member", "name": "Kevin Ranker"}], "created_at": "2013-01-16 22:23:37", "all_ids": ["WAC000042"], "updated_at": "2014-10-02 05:13:13", "+office_phone": "(360) 786-7406", "state": "wa", "sources": [{"url": "http://wslwebservices.leg.wa.gov/CommitteeService.asmx/GetActiveCommittees?biennium=2013-14"}], "parent_id": null, "committee": "Energy, Environment & Telecommunications", "chamber": "upper", "id": "WAC000042", "subcommittee": null}  	 Energy, Environment & Telecommunications 	 WAC000042 
21  	  {"members": [{"leg_id": "WAL000003", "role": "chair", "name": "Randi Becker"}, {"leg_id": "WAL000069", "role": "vice chair", "name": "Bruce Dammeier"}, {"leg_id": "WAL000119", "role": "ranking minority member", "name": "Jamie Pedersen"}, {"leg_id": "WAL000053", "role": "assistant ranking minority member", "name": "Jan Angel"}, {"leg_id": "WAL000057", "role": "member", "name": "Barbara Bailey"}, {"leg_id": "WAL000166", "role": "member", "name": "Annette Cleveland"}, {"leg_id": "WAL000024", "role": "member", "name": "Karen Keiser"}, {"leg_id": "WAL000034", "role": "member", "name": "Linda Evans Parlette"}], "created_at": "2013-01-16 22:23:37", "all_ids": ["WAC000045"], "updated_at": "2014-10-02 05:13:11", "+office_phone": "(360) 786-7456", "state": "wa", "sources": [{"url": "http://wslwebservices.leg.wa.gov/CommitteeService.asmx/GetActiveCommittees?biennium=2013-14"}], "parent_id": null, "committee": "Health Care", "chamber": "upper", "id": "WAC000045", "subcommittee": null}  	 Health Care 	 WAC000045 
22  	  {"members": [{"leg_id": "WAL000165", "role": "chair", "name": "John Braun"}, {"leg_id": "WAL000053", "role": "vice chair", "name": "Jan Angel"}, {"leg_id": "WAL000007", "role": "ranking minority member", "name": "Maralyn Chase"}, {"leg_id": "WAL000001", "role": "assistant ranking minority member", "name": "Michael Baumgartner"}, {"leg_id": "WAL000021", "role": "member", "name": "Janéa Holmquist Newbry"}, {"leg_id": "WAL000103", "role": "member", "name": "Marko Liias"}, {"leg_id": "WAL000119", "role": "member", "name": "Jamie Pedersen"}], "created_at": "2013-01-16 22:23:37", "all_ids": ["WAC000049"], "updated_at": "2014-10-02 05:13:11", "+office_phone": "(360) 786-7408", "state": "wa", "sources": [{"url": "http://wslwebservices.leg.wa.gov/CommitteeService.asmx/GetActiveCommittees?biennium=2013-14"}], "parent_id": null, "committee": "Trade & Economic Development", "chamber": "upper", "id": "WAC000049", "subcommittee": null}  	 Trade & Economic Development 	 WAC000049 
23  	  {"members": [{"leg_id": "WAL000090", "role": "chair", "name": "Ross Hunter"}, {"leg_id": "WAL000114", "role": "vice chair", "name": "Timm Ormsby"}, {"leg_id": "WAL000062", "role": "ranking minority member", "name": "Bruce Chandler"}, {"leg_id": "WAL000127", "role": "assistant ranking minority member", "name": "Charles Ross"}, {"leg_id": "WAL000146", "role": "member", "name": "J.T. Wilcox"}, {"leg_id": "WAL000060", "role": "member", "name": "Vincent Buys"}, {"leg_id": "WAL000061", "role": "member", "name": "Reuven Carlyle"}, {"leg_id": "WAL000205", "role": "member", "name": "Leonard Christian"}, {"leg_id": "WAL000065", "role": "member", "name": "Eileen Cody"}, {"leg_id": "WAL000073", "role": "member", "name": "Hans Dunshee"}, {"leg_id": "WAL000075", "role": "member", "name": "Susan Fagan"}, {"leg_id": "WAL000080", "role": "member", "name": "Tami Green"}, {"leg_id": "WAL000081", "role": "member", "name": "Kathy Haigh"}, {"leg_id": "WAL000082", "role": "member", "name": "Larry Haler"}, {"leg_id": "WAL000084", "role": "member", "name": "Paul Harris"}, {"leg_id": "WAL000088", "role": "member", "name": "Zack Hudgins"}, {"leg_id": "WAL000206", "role": "member", "name": "Graham Hunt"}, {"leg_id": "WAL000089", "role": "member", "name": "Sam Hunt"}, {"leg_id": "WAL000093", "role": "member", "name": "Laurie Jinkins"}, {"leg_id": "WAL000095", "role": "member", "name": "Ruth Kagi"}, {"leg_id": "WAL000104", "role": "member", "name": "Kristine Lytton"}, {"leg_id": "WAL000183", "role": "member", "name": "Dawn Morrell"}, {"leg_id": "WAL000117", "role": "member", "name": "Kevin Parker"}, {"leg_id": "WAL000120", "role": "member", "name": "Eric Pettigrew"}, {"leg_id": "WAL000130", "role": "member", "name": "Joe Schmick"}, {"leg_id": "WAL000131", "role": "member", "name": "Larry Seaquist"}, {"leg_id": "WAL000136", "role": "member", "name": "Larry Springer"}, {"leg_id": "WAL000138", "role": "member", "name": "Pat Sullivan"}, {"leg_id": "WAL000140", "role": "member", "name": "David Taylor"}, {"leg_id": "WAL000141", "role": "member", "name": "Steve Tharinger"}, {"leg_id": "WAL000162", "role": "member", "name": "Brandon Vick"}], "created_at": "2013-01-16 22:23:38", "all_ids": ["WAC000050"], "updated_at": "2014-10-02 05:13:12", "+office_phone": "(360) 786-7155", "state": "wa", "sources": [{"url": "http://wslwebservices.leg.wa.gov/CommitteeService.asmx/GetActiveCommittees?biennium=2013-14"}], "parent_id": null, "committee": "Appropriations", "chamber": "lower", "id": "WAC000050", "subcommittee": null}  	 Appropriations 	 WAC000050 
24  	  {"members": [{"leg_id": "WAL000081", "role": "chair", "name": "Kathy Haigh"}, {"leg_id": "WAL000075", "role": "ranking minority member", "name": "Susan Fagan"}, {"leg_id": "WAL000061", "role": "member", "name": "Reuven Carlyle"}, {"leg_id": "WAL000082", "role": "member", "name": "Larry Haler"}, {"leg_id": "WAL000104", "role": "member", "name": "Kristine Lytton"}, {"leg_id": "WAL000120", "role": "member", "name": "Eric Pettigrew"}, {"leg_id": "WAL000131", "role": "member", "name": "Larry Seaquist"}, {"leg_id": "WAL000138", "role": "member", "name": "Pat Sullivan"}, {"leg_id": "WAL000162", "role": "member", "name": "Brandon Vick"}, {"leg_id": "WAL000146", "role": "member", "name": "J.T. Wilcox"}], "created_at": "2013-01-16 22:23:38", "all_ids": ["WAC000051"], "updated_at": "2014-10-02 05:13:12", "+office_phone": "(360) 786-7063", "state": "wa", "sources": [{"url": "http://wslwebservices.leg.wa.gov/CommitteeService.asmx/GetActiveCommittees?biennium=2013-14"}], "parent_id": null, "committee": "Appropriations Subcommittee on Education", "chamber": "lower", "id": "WAC000051", "subcommittee": null}  	 Appropriations Subcommittee on Education 	 WAC000051 
25  	  {"members": [{"leg_id": "WAL000183", "role": "chair", "name": "Dawn Morrell"}, {"leg_id": "WAL000084", "role": "ranking minority member", "name": "Paul Harris"}, {"leg_id": "WAL000065", "role": "member", "name": "Eileen Cody"}, {"leg_id": "WAL000080", "role": "member", "name": "Tami Green"}, {"leg_id": "WAL000206", "role": "member", "name": "Graham Hunt"}, {"leg_id": "WAL000095", "role": "member", "name": "Ruth Kagi"}, {"leg_id": "WAL000114", "role": "member", "name": "Timm Ormsby"}, {"leg_id": "WAL000127", "role": "member", "name": "Charles Ross"}, {"leg_id": "WAL000130", "role": "member", "name": "Joe Schmick"}, {"leg_id": "WAL000141", "role": "member", "name": "Steve Tharinger"}], "created_at": "2013-01-16 22:23:38", "all_ids": ["WAC000053"], "updated_at": "2014-10-02 05:13:13", "+office_phone": "(360) 786-7183", "state": "wa", "sources": [{"url": "http://wslwebservices.leg.wa.gov/CommitteeService.asmx/GetActiveCommittees?biennium=2013-14"}], "parent_id": null, "committee": "Appropriations Subcommittee on Health & Human Services", "chamber": "lower", "id": "WAC000053", "subcommittee": null}  	 Appropriations Subcommittee on Health & Human Services 	 WAC000053 
26  	  {"members": [{"leg_id": "WAL000054", "role": "chair", "name": "Sherry Appleton"}, {"leg_id": "WAL000187", "role": "vice chair", "name": "David Sawyer"}, {"leg_id": "WAL000094", "role": "ranking minority member", "name": "Norm Johnson"}, {"leg_id": "WAL000179", "role": "assistant ranking minority member", "name": "Jeff Holy"}, {"leg_id": "WAL000200", "role": "member", "name": "Mia Gregerson"}, {"leg_id": "WAL000199", "role": "member", "name": "June Robinson"}, {"leg_id": "WAL000129", "role": "member", "name": "Sharon Tomiko Santos"}, {"leg_id": "WAL000207", "role": "member", "name": "Jesse Young"}], "created_at": "2013-01-16 22:23:38", "all_ids": ["WAC000054"], "updated_at": "2014-10-02 05:13:11", "+office_phone": "(360) 786-7112", "state": "wa", "sources": [{"url": "http://wslwebservices.leg.wa.gov/CommitteeService.asmx/GetActiveCommittees?biennium=2013-14"}], "parent_id": null, "committee": "Community Development, Housing & Tribal Affairs", "chamber": "lower", "id": "WAC000054", "subcommittee": null}  	 Community Development, Housing & Tribal Affairs 	 WAC000054 
27  	  {"members": [{"leg_id": "WAL000061", "role": "chair", "name": "Reuven Carlyle"}, {"leg_id": "WAL000141", "role": "vice chair", "name": "Steve Tharinger"}, {"leg_id": "WAL000112", "role": "ranking minority member", "name": "Terry Nealey"}, {"leg_id": "WAL000113", "role": "assistant ranking minority member", "name": "Ed Orcutt"}, {"leg_id": "WAL000066", "role": "member", "name": "Cary Condotta"}, {"leg_id": "WAL000077", "role": "member", "name": "Joe Fitzgibbon"}, {"leg_id": "WAL000150", "role": "member", "name": "Drew Hansen"}, {"leg_id": "WAL000104", "role": "member", "name": "Kristine Lytton"}, {"leg_id": "WAL000154", "role": "member", "name": "Gerry Pollet"}, {"leg_id": "WAL000122", "role": "member", "name": "Chris Reykdal"}, {"leg_id": "WAL000136", "role": "member", "name": "Larry Springer"}, {"leg_id": "WAL000162", "role": "member", "name": "Brandon Vick"}, {"leg_id": "WAL000146", "role": "member", "name": "J.T. Wilcox"}], "created_at": "2013-01-16 22:23:38", "all_ids": ["WAC000055"], "updated_at": "2014-10-02 05:13:11", "+office_phone": "(360) 786-7124", "state": "wa", "sources": [{"url": "http://wslwebservices.leg.wa.gov/CommitteeService.asmx/GetActiveCommittees?biennium=2013-14"}], "parent_id": null, "committee": "Finance", "chamber": "lower", "id": "WAC000055", "subcommittee": null}  	 Finance 	 WAC000055 
28  	  {"members": [{"leg_id": "WAL000091", "role": "chair", "name": "Christopher Hurst"}, {"leg_id": "WAL000148", "role": "vice chair", "name": "Sharon Wylie"}, {"leg_id": "WAL000066", "role": "ranking minority member", "name": "Cary Condotta"}, {"leg_id": "WAL000179", "role": "assistant ranking minority member", "name": "Jeff Holy"}, {"leg_id": "WAL000059", "role": "member", "name": "Brian Blake"}, {"leg_id": "WAL000098", "role": "member", "name": "Steve Kirby"}, {"leg_id": "WAL000111", "role": "member", "name": "Luis Moscoso"}, {"leg_id": "WAL000133", "role": "member", "name": "Matt Shea"}, {"leg_id": "WAL000162", "role": "member", "name": "Brandon Vick"}], "created_at": "2013-01-16 22:23:38", "all_ids": ["WAC000056"], "updated_at": "2014-10-02 05:13:10", "+office_phone": "(360) 786-7166", "state": "wa", "sources": [{"url": "http://wslwebservices.leg.wa.gov/CommitteeService.asmx/GetActiveCommittees?biennium=2013-14"}], "parent_id": null, "committee": "Government Accountability & Oversight", "chamber": "lower", "id": "WAC000056", "subcommittee": null}  	 Government Accountability & Oversight 	 WAC000056 
29  	  {"members": [{"leg_id": "WAL000089", "role": "chair", "name": "Sam Hunt"}, {"leg_id": "WAL000172", "role": "vice chair", "name": "Steve Bergquist"}, {"leg_id": "WAL000140", "role": "ranking minority member", "name": "David Taylor"}, {"leg_id": "WAL000207", "role": "assistant ranking minority member", "name": "Jesse Young"}, {"leg_id": "WAL000061", "role": "member", "name": "Reuven Carlyle"}, {"leg_id": "WAL000205", "role": "member", "name": "Leonard Christian"}, {"leg_id": "WAL000100", "role": "member", "name": "Joel Kretz"}, {"leg_id": "WAL000160", "role": "member", "name": "Matt Manweller"}, {"leg_id": "WAL000115", "role": "member", "name": "Tina Orwall"}, {"leg_id": "WAL000199", "role": "member", "name": "June Robinson"}, {"leg_id": "WAL000143", "role": "member", "name": "Kevin Van De Wege"}], "created_at": "2013-01-16 22:23:38", "all_ids": ["WAC000057"], "updated_at": "2014-10-02 05:13:11", "+office_phone": "(360) 786-7126", "state": "wa", "sources": [{"url": "http://wslwebservices.leg.wa.gov/CommitteeService.asmx/GetActiveCommittees?biennium=2013-14"}], "parent_id": null, "committee": "Government Operations & Elections", "chamber": "lower", "id": "WAC000057", "subcommittee": null}  	 Government Operations & Elections 	 WAC000057 
30  	  {"members": [{"leg_id": "WAL000079", "role": "chair", "name": "Roger Goodman"}, {"leg_id": "WAL000124", "role": "vice chair", "name": "Mary Helen Roberts"}, {"leg_id": "WAL000099", "role": "ranking minority member", "name": "Brad Klippert"}, {"leg_id": "WAL000178", "role": "assistant ranking minority member", "name": "Dave Hayes"}, {"leg_id": "WAL000054", "role": "member", "name": "Sherry Appleton"}, {"leg_id": "WAL000179", "role": "member", "name": "Jeff Holy"}, {"leg_id": "WAL000111", "role": "member", "name": "Luis Moscoso"}, {"leg_id": "WAL000120", "role": "member", "name": "Eric Pettigrew"}, {"leg_id": "WAL000127", "role": "member", "name": "Charles Ross"}, {"leg_id": "WAL000139", "role": "member", "name": "Dean Takko"}], "created_at": "2013-01-16 22:23:38", "all_ids": ["WAC000058"], "updated_at": "2014-10-02 05:13:10", "+office_phone": "(360) 786-7131", "state": "wa", "sources": [{"url": "http://wslwebservices.leg.wa.gov/CommitteeService.asmx/GetActiveCommittees?biennium=2013-14"}], "parent_id": null, "committee": "Public Safety", "chamber": "lower", "id": "WAC000058", "subcommittee": null}  	 Public Safety 	 WAC000058 
31  	  {"members": [{"leg_id": "WAL000110", "role": "chair", "name": "Jeff Morris"}, {"leg_id": "WAL000176", "role": "vice chair", "name": "Cyrus Habib"}, {"leg_id": "WAL000135", "role": "ranking minority member", "name": "Norma Smith"}, {"leg_id": "WAL000134", "role": "assistant ranking minority member", "name": "Shelly Short"}, {"leg_id": "WAL000068", "role": "member", "name": "Cathy Dahlquist"}, {"leg_id": "WAL000071", "role": "member", "name": "Richard DeBolt"}, {"leg_id": "WAL000174", "role": "member", "name": "Jake Fey"}, {"leg_id": "WAL000175", "role": "member", "name": "Roger Freeman"}, {"leg_id": "WAL000088", "role": "member", "name": "Zack Hudgins"}, {"leg_id": "WAL000180", "role": "member", "name": "Linda Kochmar"}, {"leg_id": "WAL000182", "role": "member", "name": "Chad Magendanz"}, {"leg_id": "WAL000183", "role": "member", "name": "Dawn Morrell"}, {"leg_id": "WAL000128", "role": "member", "name": "Cindy Ryu"}, {"leg_id": "WAL000189", "role": "member", "name": "Monica Stonier"}, {"leg_id": "WAL000190", "role": "member", "name": "Gael Tarleton"}, {"leg_id": "WAL000162", "role": "member", "name": "Brandon Vick"}, {"leg_id": "WAL000144", "role": "member", "name": "Maureen Walsh"}, {"leg_id": "WAL000148", "role": "member", "name": "Sharon Wylie"}, {"leg_id": "WAL000147", "role": "member", "name": "Hans Zeiger"}], "created_at": "2013-01-16 22:23:38", "all_ids": ["WAC000059"], "updated_at": "2014-10-02 05:13:11", "+office_phone": "(360) 786-7141", "state": "wa", "sources": [{"url": "http://wslwebservices.leg.wa.gov/CommitteeService.asmx/GetActiveCommittees?biennium=2013-14"}], "parent_id": null, "committee": "Technology & Economic Development", "chamber": "lower", "id": "WAC000059", "subcommittee": null}  	 Technology & Economic Development 	 WAC000059 
32  	  {"members": [{"leg_id": "WAL000040", "role": "chair", "name": "Pam Roach"}, {"leg_id": "WAL000004", "role": "vice chair", "name": "Don Benton"}, {"leg_id": "WAL000085", "role": "ranking minority member", "name": "Bob Hasegawa"}, {"leg_id": "WAL000008", "role": "assistant ranking minority member", "name": "Steve Conway"}, {"leg_id": "WAL000198", "role": "member", "name": "Brian Dansel"}, {"leg_id": "WAL000106", "role": "member", "name": "John McCoy"}, {"leg_id": "WAL000123", "role": "member", "name": "Ann Rivers"}], "created_at": "2013-01-19 01:13:17", "all_ids": ["WAC000061"], "updated_at": "2014-10-02 05:13:11", "+office_phone": "(360) 786-7447", "state": "wa", "sources": [{"url": "http://wslwebservices.leg.wa.gov/CommitteeService.asmx/GetActiveCommittees?biennium=2013-14"}], "parent_id": null, "committee": "Governmental Operations", "chamber": "upper", "id": "WAC000061", "subcommittee": null}  	 Governmental Operations 	 WAC000061 
33  	  {"members": [{"leg_id": "WAL000057", "role": "chair", "name": "Barbara Bailey"}, {"leg_id": "WAL000003", "role": "vice chair", "name": "Randi Becker"}, {"leg_id": "WAL000028", "role": "ranking minority member", "name": "Jeanne Kohl-Welles"}, {"leg_id": "WAL000001", "role": "assistant ranking minority member", "name": "Michael Baumgartner"}, {"leg_id": "WAL000078", "role": "member", "name": "David Frockt"}, {"leg_id": "WAL000030", "role": "member", "name": "Rosemary McAuliffe"}, {"leg_id": "WAL000047", "role": "member", "name": "Rodney Tom"}], "created_at": "2013-01-19 01:13:17", "all_ids": ["WAC000062"], "updated_at": "2014-10-02 05:13:11", "+office_phone": "(360) 786-7415", "state": "wa", "sources": [{"url": "http://wslwebservices.leg.wa.gov/CommitteeService.asmx/GetActiveCommittees?biennium=2013-14"}], "parent_id": null, "committee": "Higher Education", "chamber": "upper", "id": "WAC000062", "subcommittee": null}  	 Higher Education 	 WAC000062 
34  	  {"members": [{"leg_id": "WAL000152", "role": "chair", "name": "Mike Padden"}, {"leg_id": "WAL000184", "role": "vice chair", "name": "Steve O'Ban"}, {"leg_id": "WAL000027", "role": "ranking minority member", "name": "Adam Kline"}, {"leg_id": "WAL000070", "role": "assistant ranking minority member", "name": "Jeannie Darneille"}, {"leg_id": "WAL000118", "role": "member", "name": "Kirk Pearson"}, {"leg_id": "WAL000119", "role": "member", "name": "Jamie Pedersen"}, {"leg_id": "WAL000040", "role": "member", "name": "Pam Roach"}], "created_at": "2013-01-19 01:13:17", "all_ids": ["WAC000063"], "updated_at": "2014-10-02 05:13:11", "+office_phone": "(360) 786-7455", "state": "wa", "sources": [{"url": "http://wslwebservices.leg.wa.gov/CommitteeService.asmx/GetActiveCommittees?biennium=2013-14"}], "parent_id": null, "committee": "Law & Justice", "chamber": "upper", "id": "WAC000063", "subcommittee": null}  	 Law & Justice 	 WAC000063 
35  	  {"members": [{"leg_id": "WAL000118", "role": "chair", "name": "Kirk Pearson"}, {"leg_id": "WAL000103", "role": "vice chair", "name": "Marko Liias"}, {"leg_id": "WAL000198", "role": "ranking minority member", "name": "Brian Dansel"}, {"leg_id": "WAL000014", "role": "assistant ranking minority member", "name": "James Hargrove"}, {"leg_id": "WAL000018", "role": "member", "name": "Mike Hewitt"}, {"leg_id": "WAL000027", "role": "member", "name": "Adam Kline"}, {"leg_id": "WAL000034", "role": "member", "name": "Linda Evans Parlette"}], "created_at": "2013-01-19 01:13:17", "all_ids": ["WAC000064"], "updated_at": "2014-10-02 05:13:10", "+office_phone": "(360) 786-7419", "state": "wa", "sources": [{"url": "http://wslwebservices.leg.wa.gov/CommitteeService.asmx/GetActiveCommittees?biennium=2013-14"}], "parent_id": null, "committee": "Natural Resources & Parks", "chamber": "upper", "id": "WAC000064", "subcommittee": null}  	 Natural Resources & Parks 	 WAC000064 
36  	  {"members": [{"leg_id": "WAL000053", "role": "chair", "name": "Jan Angel"}, {"leg_id": "WAL000020", "role": "vice chair", "name": "Steve Hobbs"}, {"leg_id": "WAL000004", "role": "ranking minority member", "name": "Don Benton"}, {"leg_id": "WAL000158", "role": "assistant ranking minority member", "name": "Mark Mullet"}, {"leg_id": "WAL000012", "role": "member", "name": "Joe Fain"}, {"leg_id": "WAL000016", "role": "member", "name": "Brian Hatfield"}, {"leg_id": "WAL000033", "role": "member", "name": "Sharon Nelson"}, {"leg_id": "WAL000040", "role": "member", "name": "Pam Roach"}], "created_at": "2013-01-25 02:00:10", "all_ids": ["WAC000065"], "updated_at": "2014-10-02 05:13:11", "+office_phone": "(360) 786-7409", "state": "wa", "sources": [{"url": "http://wslwebservices.leg.wa.gov/CommitteeService.asmx/GetActiveCommittees?biennium=2013-14"}], "parent_id": null, "committee": "Financial Institutions, Housing & Insurance", "chamber": "upper", "id": "WAC000065", "subcommittee": null}  	 Financial Institutions, Housing & Insurance 	 WAC000065 
37  	  {"members": [{"leg_id": null, "role": "chair", "name": "Brad Owen"}, {"leg_id": "WAL000043", "role": "vice chair", "name": "Tim Sheldon"}, {"leg_id": "WAL000057", "role": "ranking minority member", "name": "Barbara Bailey"}, {"leg_id": "WAL000003", "role": "assistant ranking minority member", "name": "Randi Becker"}, {"leg_id": "WAL000004", "role": "member", "name": "Don Benton"}, {"leg_id": "WAL000058", "role": "member", "name": "Andy Billig"}, {"leg_id": "WAL000007", "role": "member", "name": "Maralyn Chase"}, {"leg_id": "WAL000069", "role": "member", "name": "Bruce Dammeier"}, {"leg_id": "WAL000070", "role": "member", "name": "Jeannie Darneille"}, {"leg_id": "WAL000011", "role": "member", "name": "Doug Ericksen"}, {"leg_id": "WAL000012", "role": "member", "name": "Joe Fain"}, {"leg_id": "WAL000013", "role": "member", "name": "Karen Fraser"}, {"leg_id": "WAL000026", "role": "member", "name": "Curtis King"}, {"leg_id": "WAL000028", "role": "member", "name": "Jeanne Kohl-Welles"}, {"leg_id": "WAL000106", "role": "member", "name": "John McCoy"}, {"leg_id": "WAL000033", "role": "member", "name": "Sharon Nelson"}, {"leg_id": "WAL000034", "role": "member", "name": "Linda Evans Parlette"}, {"leg_id": "WAL000118", "role": "member", "name": "Kirk Pearson"}, {"leg_id": "WAL000123", "role": "member", "name": "Ann Rivers"}, {"leg_id": "WAL000126", "role": "member", "name": "Christine Rolfes"}, {"leg_id": "WAL000042", "role": "member", "name": "Mark Schoesler"}, {"leg_id": "WAL000047", "role": "member", "name": "Rodney Tom"}], "created_at": "2013-02-09 03:43:18", "all_ids": ["WAC000066"], "updated_at": "2014-10-02 05:13:12", "+office_phone": "", "state": "wa", "sources": [{"url": "http://wslwebservices.leg.wa.gov/CommitteeService.asmx/GetActiveCommittees?biennium=2013-14"}], "parent_id": null, "committee": "Rules", "chamber": "upper", "id": "WAC000066", "subcommittee": null}  	 Rules 	 WAC000066 
38  	  {"members": [{"leg_id": "WAL000088", "role": "chair", "name": "Zack Hudgins"}, {"leg_id": "WAL000117", "role": "ranking minority member", "name": "Kevin Parker"}, {"leg_id": "WAL000060", "role": "member", "name": "Vincent Buys"}, {"leg_id": "WAL000205", "role": "member", "name": "Leonard Christian"}, {"leg_id": "WAL000073", "role": "member", "name": "Hans Dunshee"}, {"leg_id": "WAL000089", "role": "member", "name": "Sam Hunt"}, {"leg_id": "WAL000093", "role": "member", "name": "Laurie Jinkins"}, {"leg_id": "WAL000136", "role": "member", "name": "Larry Springer"}, {"leg_id": "WAL000140", "role": "member", "name": "David Taylor"}], "created_at": "2014-01-16 03:53:38", "all_ids": ["WAC000067"], "updated_at": "2014-10-02 05:13:12", "+office_phone": "(360) 786-7204", "state": "wa", "sources": [{"url": "http://wslwebservices.leg.wa.gov/CommitteeService.asmx/GetActiveCommittees?biennium=2013-14"}], "parent_id": null, "committee": "Appropriations Subcommittee on General Government & Information Technology", "chamber": "lower", "id": "WAC000067", "subcommittee": null}  	 Appropriations Subcommittee on General Government & Information Technology 	 WAC000067 
39	{"test":"here"}	!!test!!	!!test!!
40	{"more":"test"}	test!!	test!!
41	{"and another":"test"}	!!test	!!test
